firstName,lastName,emailId,position,skills,mobile,location
Himanshu,Sahu,himanshu.sahu@mavenwave.com,Intern,9915511759,Gurgaon,"Java,Angular"
Rohit,Kumar,rohinkumar2@mavenwave.com,Intern,7011225347,Gurgaon,"Java,Angular"
Nilanjan,Dutta,nilanjandutta@mavenwave.com,Intern,9758315640,Gurgaon,"Java,Angular"
Abhay,Kotiyal,abhaykotiyal@mavenwave.com,Intern,8126454130,Gurgaon,"Java,Angular"
Ashish,Yadav,ashishyadav@mavenwave.com,Intern,9456870139,Gurgaon,"Java,Angular"
Utkarsh,Lohani,utkarshlohani@mavenwave.com,Intern,7667008158,Chandigarh,"Java,Angular"
